{
  "graph": {
    "nodes": 1696415,
    "edges": 11095298,
    "forward_max_out_degree": 231,
    "forward_mean_out_degree": 6.540438512981788
  },
  "numba": true,
  "results": [
    {
      "method": "hybrid-forward-exact-hll",
      "triangles": 29301309.642771173,
      "total_seconds": 0.2348257154226303,
      "preprocess_seconds": 0.051683954894542694,
      "query_seconds": 0.18314176052808762,
      "details": {
        "hll_p": 8,
        "registers_per_node": 256,
        "threshold": 64,
        "exact_edges": 10913858,
        "hll_edges": 181440,
        "exact_contribution": 24776972.0,
        "hll_contribution": 4524337.642771173,
        "coverage": 0.016353,
        "clamp_count": 20496,
        "clamp_pct": 11.2963
      }
    }
  ]
}