{
  "graph": {
    "nodes": 9877,
    "edges": 25973,
    "forward_max_out_degree": 31,
    "forward_mean_out_degree": 2.6296446289359117
  },
  "numba": true,
  "results": [
    {
      "method": "pure-hll-forward",
      "triangles": 28792.13072711715,
      "total_seconds": 0.0035658106207847595,
      "preprocess_seconds": 0.0005605369806289673,
      "query_seconds": 0.0030052736401557922,
      "details": {
        "hll_p": 8,
        "registers_per_node": 256,
        "estimated_edges": 25973,
        "clamp_count": 12257,
        "clamp_pct": 47.1913
      }
    }
  ]
}