{
  "graph": {
    "nodes": 334863,
    "edges": 925872,
    "forward_max_out_degree": 8,
    "forward_mean_out_degree": 2.7649277465709856
  },
  "numba": true,
  "results": [
    {
      "method": "exact-forward-degree-order",
      "triangles": 667129.0,
      "total_seconds": 0.0025655776262283325,
      "preprocess_seconds": 0.0,
      "query_seconds": 0.0025655776262283325,
      "details": null
    }
  ]
}