{
  "graph": {
    "nodes": 334863,
    "edges": 925872,
    "forward_max_out_degree": 8,
    "forward_mean_out_degree": 2.7649277465709856
  },
  "numba": true,
  "results": [
    {
      "method": "baseline-networkit-triangle-edge-score",
      "triangles": 667129.0,
      "total_seconds": 0.6004358045756817,
      "preprocess_seconds": 0.48457813635468483,
      "query_seconds": 0.11585766822099686,
      "details": {
        "threads": 40
      }
    }
  ]
}