{
  "graph": {
    "nodes": 3072441,
    "edges": 117185083,
    "forward_max_out_degree": 535,
    "forward_mean_out_degree": 38.140710594605395
  },
  "numba": true,
  "results": [
    {
      "method": "hybrid-forward-exact-hll",
      "triangles": 639514841.0956573,
      "total_seconds": 20.824275117367506,
      "preprocess_seconds": 0.293023694306612,
      "query_seconds": 20.531251423060894,
      "details": {
        "hll_p": 10,
        "registers_per_node": 1024,
        "threshold": 64,
        "exact_edges": 90207807,
        "hll_edges": 26977276,
        "exact_contribution": 330708110.0,
        "hll_contribution": 308806731.0956574,
        "coverage": 0.230211,
        "clamp_count": 5847921,
        "clamp_pct": 21.6772
      }
    }
  ]
}