{
  "graph": {
    "nodes": 334863,
    "edges": 925872,
    "forward_max_out_degree": 8,
    "forward_mean_out_degree": 2.7649277465709856
  },
  "numba": true,
  "results": [
    {
      "method": "pure-hll-forward",
      "triangles": 672175.2237615222,
      "total_seconds": 0.1092199832201004,
      "preprocess_seconds": 0.009304411709308624,
      "query_seconds": 0.09991557151079178,
      "details": {
        "hll_p": 8,
        "registers_per_node": 256,
        "estimated_edges": 925872,
        "clamp_count": 487168,
        "clamp_pct": 52.6172
      }
    }
  ]
}