{
  "graph": {
    "nodes": 1134890,
    "edges": 2987624,
    "forward_max_out_degree": 164,
    "forward_mean_out_degree": 2.632522975795011
  },
  "numba": true,
  "results": [
    {
      "method": "exact-forward-degree-order",
      "triangles": 3056386.0,
      "total_seconds": 0.03122008964419365,
      "preprocess_seconds": 0.0,
      "query_seconds": 0.03122008964419365,
      "details": null
    }
  ]
}