{
  "graph": {
    "nodes": 4039,
    "edges": 88234,
    "forward_max_out_degree": 125,
    "forward_mean_out_degree": 21.84550631344392
  },
  "numba": true,
  "results": [
    {
      "method": "hybrid-forward-exact-hll",
      "triangles": 1599762.6117747729,
      "total_seconds": 0.020087584853172302,
      "preprocess_seconds": 0.000819772481918335,
      "query_seconds": 0.019267812371253967,
      "details": {
        "hll_p": 10,
        "registers_per_node": 1024,
        "threshold": 64,
        "exact_edges": 81039,
        "hll_edges": 7195,
        "exact_contribution": 1132453.0,
        "hll_contribution": 467309.6117747728,
        "coverage": 0.081545,
        "clamp_count": 30,
        "clamp_pct": 0.417
      }
    }
  ]
}