{
  "graph": {
    "nodes": 1965206,
    "edges": 2766607,
    "forward_max_out_degree": 4,
    "forward_mean_out_degree": 1.4077949080147323
  },
  "numba": true,
  "results": [
    {
      "method": "exact-forward-degree-order",
      "triangles": 120676.0,
      "total_seconds": 0.004655178636312485,
      "preprocess_seconds": 0.0,
      "query_seconds": 0.004655178636312485,
      "details": null
    }
  ]
}