{
  "graph": {
    "nodes": 1696415,
    "edges": 11095298,
    "forward_max_out_degree": 231,
    "forward_mean_out_degree": 6.540438512981788
  },
  "numba": true,
  "results": [
    {
      "method": "exact-forward-degree-order",
      "triangles": 28769868.0,
      "total_seconds": 0.11284534260630608,
      "preprocess_seconds": 0.0,
      "query_seconds": 0.11284534260630608,
      "details": null
    },
    {
      "method": "hybrid-forward-exact-hll",
      "triangles": 28770150.275314286,
      "total_seconds": 1.6086346320807934,
      "preprocess_seconds": 0.6425706632435322,
      "query_seconds": 0.9660639688372612,
      "details": {
        "hll_p": 12,
        "registers_per_node": 4096,
        "threshold": 64,
        "exact_edges": 10913858,
        "hll_edges": 181440,
        "exact_contribution": 24776972.0,
        "hll_contribution": 3993178.2753142845,
        "coverage": 0.016353,
        "clamp_count": 4738,
        "clamp_pct": 2.6113
      }
    }
  ]
}