{
  "graph": {
    "nodes": 1696415,
    "edges": 11095298,
    "forward_max_out_degree": 231,
    "forward_mean_out_degree": 6.540438512981788
  },
  "numba": true,
  "results": [
    {
      "method": "exact-forward-degree-order",
      "triangles": 28769868.0,
      "total_seconds": 0.111109409481287,
      "preprocess_seconds": 0.0,
      "query_seconds": 0.111109409481287,
      "details": null
    },
    {
      "method": "pure-hll-forward",
      "triangles": 28915906.896973174,
      "total_seconds": 13.216788794845343,
      "preprocess_seconds": 0.4034261964261532,
      "query_seconds": 12.81336259841919,
      "details": {
        "hll_p": 12,
        "registers_per_node": 4096,
        "estimated_edges": 11095298,
        "clamp_count": 4437381,
        "clamp_pct": 39.9933
      }
    },
    {
      "method": "hybrid-forward-exact-hll",
      "triangles": 28742366.977094907,
      "total_seconds": 3.809852924197912,
      "preprocess_seconds": 0.4034261964261532,
      "query_seconds": 3.406426727771759,
      "details": {
        "hll_p": 12,
        "registers_per_node": 4096,
        "threshold": 16,
        "exact_edges": 9194430,
        "hll_edges": 1900868,
        "exact_contribution": 11347329.0,
        "hll_contribution": 17395037.977094907,
        "coverage": 0.171322,
        "clamp_count": 144213,
        "clamp_pct": 7.5867
      }
    }
  ]
}