{
  "graph": {
    "nodes": 1696415,
    "edges": 11095298,
    "forward_max_out_degree": 231,
    "forward_mean_out_degree": 6.540438512981788
  },
  "numba": true,
  "results": [
    {
      "method": "exact-forward-degree-order",
      "triangles": 28769868.0,
      "total_seconds": 0.11090558022260666,
      "preprocess_seconds": 0.0,
      "query_seconds": 0.11090558022260666,
      "details": null
    },
    {
      "method": "hybrid-forward-exact-hll",
      "triangles": 28901160.47775329,
      "total_seconds": 0.49327656254172325,
      "preprocess_seconds": 0.11284579336643219,
      "query_seconds": 0.38043076917529106,
      "details": {
        "hll_p": 10,
        "registers_per_node": 1024,
        "threshold": 64,
        "exact_edges": 10913858,
        "hll_edges": 181440,
        "exact_contribution": 24776972.0,
        "hll_contribution": 4124188.4777532886,
        "coverage": 0.016353,
        "clamp_count": 8630,
        "clamp_pct": 4.7564
      }
    }
  ]
}