{
  "graph": {
    "nodes": 1696415,
    "edges": 11095298,
    "forward_max_out_degree": 231,
    "forward_mean_out_degree": 6.540438512981788
  },
  "numba": true,
  "results": [
    {
      "method": "exact-forward-degree-order",
      "triangles": 28769868.0,
      "total_seconds": 0.1082647442817688,
      "preprocess_seconds": 0.0,
      "query_seconds": 0.1082647442817688,
      "details": null
    },
    {
      "method": "pure-hll-forward",
      "triangles": 30076053.79371761,
      "total_seconds": 3.7935004383325577,
      "preprocess_seconds": 0.11754047870635986,
      "query_seconds": 3.675959959626198,
      "details": {
        "hll_p": 10,
        "registers_per_node": 1024,
        "estimated_edges": 11095298,
        "clamp_count": 4328728,
        "clamp_pct": 39.0141
      }
    },
    {
      "method": "hybrid-forward-exact-hll",
      "triangles": 29490112.361674465,
      "total_seconds": 1.1572219729423523,
      "preprocess_seconds": 0.11754047870635986,
      "query_seconds": 1.0396814942359924,
      "details": {
        "hll_p": 10,
        "registers_per_node": 1024,
        "threshold": 16,
        "exact_edges": 9194430,
        "hll_edges": 1900868,
        "exact_contribution": 11347329.0,
        "hll_contribution": 18142783.361674465,
        "coverage": 0.171322,
        "clamp_count": 185592,
        "clamp_pct": 9.7635
      }
    }
  ]
}