{
  "graph": {
    "nodes": 18772,
    "edges": 198050,
    "forward_max_out_degree": 66,
    "forward_mean_out_degree": 10.550287662476029
  },
  "numba": true,
  "results": [
    {
      "method": "exact-forward-degree-order",
      "triangles": 1351441.0,
      "total_seconds": 0.002279020845890045,
      "preprocess_seconds": 0.0,
      "query_seconds": 0.002279020845890045,
      "details": null
    },
    {
      "method": "pure-hll-forward",
      "triangles": 1346699.9158270431,
      "total_seconds": 0.09332389384508133,
      "preprocess_seconds": 0.001773744821548462,
      "query_seconds": 0.09155014902353287,
      "details": {
        "hll_p": 10,
        "registers_per_node": 1024,
        "estimated_edges": 198050,
        "clamp_count": 26191,
        "clamp_pct": 13.2244
      }
    },
    {
      "method": "hybrid-forward-exact-hll",
      "triangles": 1343234.6394211878,
      "total_seconds": 0.03548431023955345,
      "preprocess_seconds": 0.001773744821548462,
      "query_seconds": 0.03371056541800499,
      "details": {
        "hll_p": 10,
        "registers_per_node": 1024,
        "threshold": 16,
        "exact_edges": 118686,
        "hll_edges": 79364,
        "exact_contribution": 372551.0,
        "hll_contribution": 970683.6394211877,
        "coverage": 0.400727,
        "clamp_count": 3079,
        "clamp_pct": 3.8796
      }
    }
  ]
}