{
  "graph": {
    "nodes": 18772,
    "edges": 198050,
    "forward_max_out_degree": 66,
    "forward_mean_out_degree": 10.550287662476029
  },
  "numba": true,
  "results": [
    {
      "method": "exact-forward-degree-order",
      "triangles": 1351441.0,
      "total_seconds": 0.4461924880743027,
      "preprocess_seconds": 0.0,
      "query_seconds": 0.4461924880743027,
      "details": null
    },
    {
      "method": "hybrid-forward-exact-hll",
      "triangles": 1343234.6394211794,
      "total_seconds": 0.06730257347226143,
      "preprocess_seconds": 0.011687885969877243,
      "query_seconds": 0.055614687502384186,
      "details": {
        "hll_p": 10,
        "registers_per_node": 1024,
        "threshold": 16,
        "exact_edges": 118686,
        "hll_edges": 79364,
        "exact_contribution": 372551.0,
        "hll_contribution": 970683.6394211793
      }
    }
  ]
}