{
  "graph": {
    "nodes": 18772,
    "edges": 198050,
    "forward_max_out_degree": 66,
    "forward_mean_out_degree": 10.550287662476029
  },
  "numba": true,
  "results": [
    {
      "method": "exact-forward-degree-order",
      "triangles": 1351441.0,
      "total_seconds": 0.002406880259513855,
      "preprocess_seconds": 0.0,
      "query_seconds": 0.002406880259513855,
      "details": null
    },
    {
      "method": "pure-hll-forward",
      "triangles": 1345415.5863191234,
      "total_seconds": 0.3231930248439312,
      "preprocess_seconds": 0.007080100476741791,
      "query_seconds": 0.3161129243671894,
      "details": {
        "hll_p": 12,
        "registers_per_node": 4096,
        "estimated_edges": 198050,
        "clamp_count": 27895,
        "clamp_pct": 14.0848
      }
    },
    {
      "method": "hybrid-forward-exact-hll",
      "triangles": 1345576.8870722733,
      "total_seconds": 0.1456248164176941,
      "preprocess_seconds": 0.007080100476741791,
      "query_seconds": 0.1385447159409523,
      "details": {
        "hll_p": 12,
        "registers_per_node": 4096,
        "threshold": 16,
        "exact_edges": 118686,
        "hll_edges": 79364,
        "exact_contribution": 372551.0,
        "hll_contribution": 973025.8870722733,
        "coverage": 0.400727,
        "clamp_count": 2401,
        "clamp_pct": 3.0253
      }
    }
  ]
}