{
  "graph": {
    "nodes": 18772,
    "edges": 198050,
    "forward_max_out_degree": 66,
    "forward_mean_out_degree": 10.550287662476029
  },
  "numba": true,
  "results": [
    {
      "method": "exact-forward-degree-order",
      "triangles": 1351441.0,
      "total_seconds": 0.4463557228446007,
      "preprocess_seconds": 0.0,
      "query_seconds": 0.4463557228446007,
      "details": null
    },
    {
      "method": "pure-hll-forward",
      "triangles": 1345415.5863191208,
      "total_seconds": 0.5692094452679157,
      "preprocess_seconds": 0.024160023778676987,
      "query_seconds": 0.5450494214892387,
      "details": {
        "hll_p": 12,
        "registers_per_node": 4096,
        "estimated_edges": 198050
      }
    },
    {
      "method": "hybrid-forward-exact-hll",
      "triangles": 1351441.0,
      "total_seconds": 0.03738679364323616,
      "preprocess_seconds": 0.024160023778676987,
      "query_seconds": 0.013226769864559174,
      "details": {
        "hll_p": 12,
        "registers_per_node": 4096,
        "threshold": 64,
        "exact_edges": 198050,
        "hll_edges": 0,
        "exact_contribution": 1351441.0,
        "hll_contribution": 0.0
      }
    }
  ]
}