{
  "graph": {
    "nodes": 9877,
    "edges": 25973,
    "forward_max_out_degree": 31,
    "forward_mean_out_degree": 2.6296446289359117
  },
  "numba": true,
  "results": [
    {
      "method": "exact-forward-degree-order",
      "triangles": 28339.0,
      "total_seconds": 0.0002738386392593384,
      "preprocess_seconds": 0.0,
      "query_seconds": 0.0002738386392593384,
      "details": null
    },
    {
      "method": "pure-hll-forward",
      "triangles": 28344.460996393063,
      "total_seconds": 0.050544220954179764,
      "preprocess_seconds": 0.004496730864048004,
      "query_seconds": 0.04604749009013176,
      "details": {
        "hll_p": 12,
        "registers_per_node": 4096,
        "estimated_edges": 25973,
        "clamp_count": 13030,
        "clamp_pct": 50.1675
      }
    },
    {
      "method": "hybrid-forward-exact-hll",
      "triangles": 28328.24412319444,
      "total_seconds": 0.009458184242248535,
      "preprocess_seconds": 0.004496730864048004,
      "query_seconds": 0.004961453378200531,
      "details": {
        "hll_p": 12,
        "registers_per_node": 4096,
        "threshold": 16,
        "exact_edges": 25840,
        "hll_edges": 133,
        "exact_contribution": 25584.0,
        "hll_contribution": 2744.2441231944404,
        "coverage": 0.005121,
        "clamp_count": 1,
        "clamp_pct": 0.7519
      }
    }
  ]
}