{
  "graph": {
    "nodes": 9877,
    "edges": 25973,
    "forward_max_out_degree": 31,
    "forward_mean_out_degree": 2.6296446289359117
  },
  "numba": true,
  "results": [
    {
      "method": "exact-forward-degree-order",
      "triangles": 28339.0,
      "total_seconds": 0.0004885420203208923,
      "preprocess_seconds": 0.0,
      "query_seconds": 0.0004885420203208923,
      "details": null
    },
    {
      "method": "pure-hll-forward",
      "triangles": 28792.13072711715,
      "total_seconds": 0.003562323749065399,
      "preprocess_seconds": 0.0005195997655391693,
      "query_seconds": 0.00304272398352623,
      "details": {
        "hll_p": 8,
        "registers_per_node": 256,
        "estimated_edges": 25973,
        "clamp_count": 12257,
        "clamp_pct": 47.1913
      }
    },
    {
      "method": "hybrid-forward-exact-hll",
      "triangles": 28211.14977448499,
      "total_seconds": 0.001104302704334259,
      "preprocess_seconds": 0.0005195997655391693,
      "query_seconds": 0.0005847029387950897,
      "details": {
        "hll_p": 8,
        "registers_per_node": 256,
        "threshold": 16,
        "exact_edges": 25840,
        "hll_edges": 133,
        "exact_contribution": 25584.0,
        "hll_contribution": 2627.14977448499,
        "coverage": 0.005121,
        "clamp_count": 1,
        "clamp_pct": 0.7519
      }
    }
  ]
}