{
  "graph": {
    "nodes": 3072441,
    "edges": 117185083,
    "forward_max_out_degree": 535,
    "forward_mean_out_degree": 38.140710594605395
  },
  "numba": true,
  "results": [
    {
      "method": "exact-forward-degree-order",
      "triangles": 627584181.0,
      "total_seconds": 26.919340178370476,
      "preprocess_seconds": 0.0,
      "query_seconds": 26.919340178370476,
      "details": null
    },
    {
      "method": "hybrid-forward-exact-hll",
      "triangles": 639514841.0970483,
      "total_seconds": 95.29313085600734,
      "preprocess_seconds": 0.8839421086013317,
      "query_seconds": 94.409188747406,
      "details": {
        "hll_p": 10,
        "registers_per_node": 1024,
        "threshold": 64,
        "exact_edges": 90207807,
        "hll_edges": 26977276,
        "exact_contribution": 330708110.0,
        "hll_contribution": 308806731.0970483
      }
    }
  ]
}