{
  "graph": {
    "nodes": 3072441,
    "edges": 117185083,
    "forward_max_out_degree": 535,
    "forward_mean_out_degree": 38.140710594605395
  },
  "numba": true,
  "results": [
    {
      "method": "exact-forward-degree-order",
      "triangles": 627584181.0,
      "total_seconds": 29.477042462676764,
      "preprocess_seconds": 0.0,
      "query_seconds": 29.477042462676764,
      "details": null
    },
    {
      "method": "pure-hll-forward",
      "triangles": 786677332.8281035,
      "total_seconds": 64.80051898211241,
      "preprocess_seconds": 0.536912877112627,
      "query_seconds": 64.26360610499978,
      "details": {
        "hll_p": 8,
        "registers_per_node": 256,
        "estimated_edges": 117185083
      }
    },
    {
      "method": "hybrid-forward-exact-hll",
      "triangles": 704641208.0833454,
      "total_seconds": 38.81793173030019,
      "preprocess_seconds": 0.536912877112627,
      "query_seconds": 38.28101885318756,
      "details": {
        "hll_p": 8,
        "registers_per_node": 256,
        "threshold": 64,
        "exact_edges": 90207807,
        "hll_edges": 26977276,
        "exact_contribution": 330708110.0,
        "hll_contribution": 373933098.0833455
      }
    }
  ]
}