{
  "graph": {
    "nodes": 1134890,
    "edges": 2987624,
    "forward_max_out_degree": 164,
    "forward_mean_out_degree": 2.632522975795011
  },
  "numba": true,
  "results": [
    {
      "method": "exact-forward-degree-order",
      "triangles": 3056386.0,
      "total_seconds": 0.5835258737206459,
      "preprocess_seconds": 0.0,
      "query_seconds": 0.5835258737206459,
      "details": null
    },
    {
      "method": "pure-hll-forward",
      "triangles": 3768925.938596363,
      "total_seconds": 0.8495682440698147,
      "preprocess_seconds": 0.04537508636713028,
      "query_seconds": 0.8041931577026844,
      "details": {
        "hll_p": 8,
        "registers_per_node": 256,
        "estimated_edges": 2987624
      }
    },
    {
      "method": "hybrid-forward-exact-hll",
      "triangles": 3058137.038414989,
      "total_seconds": 0.1046765185892582,
      "preprocess_seconds": 0.04537508636713028,
      "query_seconds": 0.059301432222127914,
      "details": {
        "hll_p": 8,
        "registers_per_node": 256,
        "threshold": 64,
        "exact_edges": 2983700,
        "hll_edges": 3924,
        "exact_contribution": 2981075.0,
        "hll_contribution": 77062.03841498891
      }
    }
  ]
}