{
  "graph": {
    "nodes": 1134890,
    "edges": 2987624,
    "forward_max_out_degree": 164,
    "forward_mean_out_degree": 2.632522975795011
  },
  "numba": true,
  "results": [
    {
      "method": "exact-forward-degree-order",
      "triangles": 3056386.0,
      "total_seconds": 0.027171116322278976,
      "preprocess_seconds": 0.0,
      "query_seconds": 0.027171116322278976,
      "details": null
    },
    {
      "method": "pure-hll-forward",
      "triangles": 3235168.13197727,
      "total_seconds": 1.0240402892231941,
      "preprocess_seconds": 0.08209533616900444,
      "query_seconds": 0.9419449530541897,
      "details": {
        "hll_p": 10,
        "registers_per_node": 1024,
        "estimated_edges": 2987624,
        "clamp_count": 1758724,
        "clamp_pct": 58.867
      }
    },
    {
      "method": "hybrid-forward-exact-hll",
      "triangles": 3070053.9137956235,
      "total_seconds": 0.3344028927385807,
      "preprocess_seconds": 0.08209533616900444,
      "query_seconds": 0.25230755656957626,
      "details": {
        "hll_p": 10,
        "registers_per_node": 1024,
        "threshold": 16,
        "exact_edges": 2551308,
        "hll_edges": 436316,
        "exact_contribution": 1139110.0,
        "hll_contribution": 1930943.9137956235,
        "coverage": 0.146041,
        "clamp_count": 53005,
        "clamp_pct": 12.1483
      }
    }
  ]
}