{
  "graph": {
    "nodes": 334863,
    "edges": 925872,
    "forward_max_out_degree": 8,
    "forward_mean_out_degree": 2.7649277465709856
  },
  "numba": true,
  "results": [
    {
      "method": "exact-forward-degree-order",
      "triangles": 667129.0,
      "total_seconds": 0.0026853270828723907,
      "preprocess_seconds": 0.0,
      "query_seconds": 0.0026853270828723907,
      "details": null
    },
    {
      "method": "pure-hll-forward",
      "triangles": 672175.2237615222,
      "total_seconds": 0.08172840625047684,
      "preprocess_seconds": 0.008795250207185745,
      "query_seconds": 0.07293315604329109,
      "details": {
        "hll_p": 8,
        "registers_per_node": 256,
        "estimated_edges": 925872,
        "clamp_count": 487168,
        "clamp_pct": 52.6172
      }
    },
    {
      "method": "hybrid-forward-exact-hll",
      "triangles": 667129.0,
      "total_seconds": 0.010810602456331253,
      "preprocess_seconds": 0.008795250207185745,
      "query_seconds": 0.002015352249145508,
      "details": {
        "hll_p": 8,
        "registers_per_node": 256,
        "threshold": 16,
        "exact_edges": 925872,
        "hll_edges": 0,
        "exact_contribution": 667129.0,
        "hll_contribution": 0.0,
        "coverage": 0.0,
        "clamp_count": 0,
        "clamp_pct": 0.0
      }
    }
  ]
}