{
  "graph": {
    "nodes": 1134890,
    "edges": 2987624,
    "forward_max_out_degree": 164,
    "forward_mean_out_degree": 2.632522975795011
  },
  "numba": true,
  "results": [
    {
      "method": "exact-forward-degree-order",
      "triangles": 3056386.0,
      "total_seconds": 0.7282795123755932,
      "preprocess_seconds": 0.0,
      "query_seconds": 0.7282795123755932,
      "details": null
    },
    {
      "method": "pure-hll-forward",
      "triangles": 3122864.557815402,
      "total_seconds": 6.453798498958349,
      "preprocess_seconds": 0.6104093119502068,
      "query_seconds": 5.8433891870081425,
      "details": {
        "hll_p": 12,
        "registers_per_node": 4096,
        "estimated_edges": 2987624
      }
    },
    {
      "method": "hybrid-forward-exact-hll",
      "triangles": 3055112.0516914167,
      "total_seconds": 0.6866588033735752,
      "preprocess_seconds": 0.6104093119502068,
      "query_seconds": 0.07624949142336845,
      "details": {
        "hll_p": 12,
        "registers_per_node": 4096,
        "threshold": 64,
        "exact_edges": 2983700,
        "hll_edges": 3924,
        "exact_contribution": 2981075.0,
        "hll_contribution": 74037.05169141661
      }
    }
  ]
}