{
  "graph": {
    "nodes": 3072441,
    "edges": 117185083,
    "forward_max_out_degree": 535,
    "forward_mean_out_degree": 38.140710594605395
  },
  "numba": true,
  "results": [
    {
      "method": "exact-forward-degree-order",
      "triangles": 627584181.0,
      "total_seconds": 4.559558749198914,
      "preprocess_seconds": 0.0,
      "query_seconds": 4.559558749198914,
      "details": null
    },
    {
      "method": "pure-hll-forward",
      "triangles": 670648853.9323077,
      "total_seconds": 42.79659178853035,
      "preprocess_seconds": 0.28134962171316147,
      "query_seconds": 42.51524216681719,
      "details": {
        "hll_p": 10,
        "registers_per_node": 1024,
        "estimated_edges": 117185083,
        "clamp_count": 29142095,
        "clamp_pct": 24.8684
      }
    },
    {
      "method": "hybrid-forward-exact-hll",
      "triangles": 667276986.465257,
      "total_seconds": 39.34647523984313,
      "preprocess_seconds": 0.28134962171316147,
      "query_seconds": 39.06512561812997,
      "details": {
        "hll_p": 10,
        "registers_per_node": 1024,
        "threshold": 16,
        "exact_edges": 12370070,
        "hll_edges": 104815013,
        "exact_contribution": 13844804.0,
        "hll_contribution": 653432182.465257,
        "coverage": 0.89444,
        "clamp_count": 24445352,
        "clamp_pct": 23.3224
      }
    }
  ]
}