{
  "graph": {
    "nodes": 3072441,
    "edges": 117185083,
    "forward_max_out_degree": 535,
    "forward_mean_out_degree": 38.140710594605395
  },
  "numba": true,
  "results": [
    {
      "method": "exact-forward-degree-order",
      "triangles": 627584181.0,
      "total_seconds": 4.963069796562195,
      "preprocess_seconds": 0.0,
      "query_seconds": 4.963069796562195,
      "details": null
    },
    {
      "method": "hybrid-forward-exact-hll",
      "triangles": 704641208.084619,
      "total_seconds": 8.191865049302578,
      "preprocess_seconds": 0.17840620875358582,
      "query_seconds": 8.013458840548992,
      "details": {
        "hll_p": 8,
        "registers_per_node": 256,
        "threshold": 64,
        "exact_edges": 90207807,
        "hll_edges": 26977276,
        "exact_contribution": 330708110.0,
        "hll_contribution": 373933098.08461905,
        "coverage": 0.230211,
        "clamp_count": 8572494,
        "clamp_pct": 31.7767
      }
    }
  ]
}