{
  "graph": {
    "nodes": 1134890,
    "edges": 2987624,
    "forward_max_out_degree": 164,
    "forward_mean_out_degree": 2.632522975795011
  },
  "numba": true,
  "results": [
    {
      "method": "exact-forward-degree-order",
      "triangles": 3056386.0,
      "total_seconds": 0.7436524443328381,
      "preprocess_seconds": 0.0,
      "query_seconds": 0.7436524443328381,
      "details": null
    },
    {
      "method": "hybrid-forward-exact-hll",
      "triangles": 3070053.913795608,
      "total_seconds": 0.6464587487280369,
      "preprocess_seconds": 0.09734775125980377,
      "query_seconds": 0.5491109974682331,
      "details": {
        "hll_p": 10,
        "registers_per_node": 1024,
        "threshold": 16,
        "exact_edges": 2551308,
        "hll_edges": 436316,
        "exact_contribution": 1139110.0,
        "hll_contribution": 1930943.9137956079
      }
    }
  ]
}