{
  "graph": {
    "nodes": 334863,
    "edges": 925872,
    "forward_max_out_degree": 8,
    "forward_mean_out_degree": 2.7649277465709856
  },
  "numba": true,
  "results": [
    {
      "method": "exact-forward-degree-order",
      "triangles": 667129.0,
      "total_seconds": 0.002520747482776642,
      "preprocess_seconds": 0.0,
      "query_seconds": 0.002520747482776642,
      "details": null
    },
    {
      "method": "pure-hll-forward",
      "triangles": 667399.4981261265,
      "total_seconds": 1.1919805742800236,
      "preprocess_seconds": 0.08726037293672562,
      "query_seconds": 1.104720201343298,
      "details": {
        "hll_p": 12,
        "registers_per_node": 4096,
        "estimated_edges": 925872,
        "clamp_count": 495811,
        "clamp_pct": 53.5507
      }
    },
    {
      "method": "hybrid-forward-exact-hll",
      "triangles": 667129.0,
      "total_seconds": 0.08931342139840126,
      "preprocess_seconds": 0.08726037293672562,
      "query_seconds": 0.002053048461675644,
      "details": {
        "hll_p": 12,
        "registers_per_node": 4096,
        "threshold": 16,
        "exact_edges": 925872,
        "hll_edges": 0,
        "exact_contribution": 667129.0,
        "hll_contribution": 0.0,
        "coverage": 0.0,
        "clamp_count": 0,
        "clamp_pct": 0.0
      }
    }
  ]
}