{
  "graph": {
    "nodes": 1134890,
    "edges": 2987624,
    "forward_max_out_degree": 164,
    "forward_mean_out_degree": 2.632522975795011
  },
  "numba": true,
  "results": [
    {
      "method": "exact-forward-degree-order",
      "triangles": 3056386.0,
      "total_seconds": 0.043848343193531036,
      "preprocess_seconds": 0.0,
      "query_seconds": 0.043848343193531036,
      "details": null
    },
    {
      "method": "hybrid-forward-exact-hll",
      "triangles": 3055112.0516914167,
      "total_seconds": 0.31126904115080833,
      "preprocess_seconds": 0.2784062325954437,
      "query_seconds": 0.03286280855536461,
      "details": {
        "hll_p": 12,
        "registers_per_node": 4096,
        "threshold": 64,
        "exact_edges": 2983700,
        "hll_edges": 3924,
        "exact_contribution": 2981075.0,
        "hll_contribution": 74037.05169141664,
        "coverage": 0.001313,
        "clamp_count": 16,
        "clamp_pct": 0.4077
      }
    }
  ]
}