{
  "graph": {
    "nodes": 334863,
    "edges": 925872,
    "forward_max_out_degree": 8,
    "forward_mean_out_degree": 2.7649277465709856
  },
  "numba": true,
  "results": [
    {
      "method": "exact-forward-degree-order",
      "triangles": 667129.0,
      "total_seconds": 1.2351726330816746,
      "preprocess_seconds": 0.0,
      "query_seconds": 1.2351726330816746,
      "details": null
    },
    {
      "method": "pure-hll-forward",
      "triangles": 672175.2237615297,
      "total_seconds": 0.23793604969978333,
      "preprocess_seconds": 0.025874536484479904,
      "query_seconds": 0.21206151321530342,
      "details": {
        "hll_p": 8,
        "registers_per_node": 256,
        "estimated_edges": 925872
      }
    },
    {
      "method": "hybrid-forward-exact-hll",
      "triangles": 667129.0,
      "total_seconds": 0.043442849069833755,
      "preprocess_seconds": 0.025874536484479904,
      "query_seconds": 0.01756831258535385,
      "details": {
        "hll_p": 8,
        "registers_per_node": 256,
        "threshold": 64,
        "exact_edges": 925872,
        "hll_edges": 0,
        "exact_contribution": 667129.0,
        "hll_contribution": 0.0
      }
    }
  ]
}