{
  "graph": {
    "nodes": 334863,
    "edges": 925872,
    "forward_max_out_degree": 8,
    "forward_mean_out_degree": 2.7649277465709856
  },
  "numba": true,
  "results": [
    {
      "method": "exact-forward-degree-order",
      "triangles": 667129.0,
      "total_seconds": 0.6960942596197128,
      "preprocess_seconds": 0.0,
      "query_seconds": 0.6960942596197128,
      "details": null
    },
    {
      "method": "pure-hll-forward",
      "triangles": 667399.4981259196,
      "total_seconds": 2.6941053941845894,
      "preprocess_seconds": 0.11447291076183319,
      "query_seconds": 2.579632483422756,
      "details": {
        "hll_p": 12,
        "registers_per_node": 4096,
        "estimated_edges": 925872
      }
    },
    {
      "method": "hybrid-forward-exact-hll",
      "triangles": 667129.0,
      "total_seconds": 0.12978705018758774,
      "preprocess_seconds": 0.11447291076183319,
      "query_seconds": 0.015314139425754547,
      "details": {
        "hll_p": 12,
        "registers_per_node": 4096,
        "threshold": 64,
        "exact_edges": 925872,
        "hll_edges": 0,
        "exact_contribution": 667129.0,
        "hll_contribution": 0.0
      }
    }
  ]
}