{
  "graph": {
    "nodes": 3072441,
    "edges": 117185083,
    "forward_max_out_degree": 535,
    "forward_mean_out_degree": 38.140710594605395
  },
  "numba": true,
  "results": [
    {
      "method": "exact-forward-degree-order",
      "triangles": 627584181.0,
      "total_seconds": 29.09441827982664,
      "preprocess_seconds": 0.0,
      "query_seconds": 29.09441827982664,
      "details": null
    },
    {
      "method": "hybrid-forward-exact-hll",
      "triangles": 626888618.5405102,
      "total_seconds": 26.811788719147444,
      "preprocess_seconds": 0.8272172175347805,
      "query_seconds": 25.984571501612663,
      "details": {
        "hll_p": 10,
        "registers_per_node": 1024,
        "threshold": 256,
        "exact_edges": 116389830,
        "hll_edges": 795253,
        "exact_contribution": 604732375.0,
        "hll_contribution": 22156243.54051017
      }
    }
  ]
}