{
  "graph": {
    "nodes": 4039,
    "edges": 88234,
    "forward_max_out_degree": 125,
    "forward_mean_out_degree": 21.84550631344392
  },
  "numba": true,
  "results": [
    {
      "method": "exact-forward-degree-order",
      "triangles": 1612010.0,
      "total_seconds": 0.002590551972389221,
      "preprocess_seconds": 0.0,
      "query_seconds": 0.002590551972389221,
      "details": null
    },
    {
      "method": "pure-hll-forward",
      "triangles": 1585586.4157783128,
      "total_seconds": 0.14516354352235794,
      "preprocess_seconds": 0.029474884271621704,
      "query_seconds": 0.11568865925073624,
      "details": {
        "hll_p": 12,
        "registers_per_node": 4096,
        "estimated_edges": 88234,
        "clamp_count": 4440,
        "clamp_pct": 5.0321
      }
    },
    {
      "method": "hybrid-forward-exact-hll",
      "triangles": 1589406.3394913198,
      "total_seconds": 0.10916229709982872,
      "preprocess_seconds": 0.029474884271621704,
      "query_seconds": 0.07968741282820702,
      "details": {
        "hll_p": 12,
        "registers_per_node": 4096,
        "threshold": 16,
        "exact_edges": 39285,
        "hll_edges": 48949,
        "exact_contribution": 184064.0,
        "hll_contribution": 1405342.3394913198,
        "coverage": 0.554763,
        "clamp_count": 144,
        "clamp_pct": 0.2942
      }
    }
  ]
}