{
  "graph": {
    "nodes": 4039,
    "edges": 88234,
    "forward_max_out_degree": 125,
    "forward_mean_out_degree": 21.84550631344392
  },
  "numba": true,
  "results": [
    {
      "method": "exact-forward-degree-order",
      "triangles": 1612010.0,
      "total_seconds": 0.0024805553257465363,
      "preprocess_seconds": 0.0,
      "query_seconds": 0.0024805553257465363,
      "details": null
    },
    {
      "method": "pure-hll-forward",
      "triangles": 1572817.209705339,
      "total_seconds": 0.04281121864914894,
      "preprocess_seconds": 0.0007419995963573456,
      "query_seconds": 0.042069219052791595,
      "details": {
        "hll_p": 10,
        "registers_per_node": 1024,
        "estimated_edges": 88234,
        "clamp_count": 6778,
        "clamp_pct": 7.6818
      }
    },
    {
      "method": "hybrid-forward-exact-hll",
      "triangles": 1576280.1530628363,
      "total_seconds": 0.030530840158462524,
      "preprocess_seconds": 0.0007419995963573456,
      "query_seconds": 0.02978884056210518,
      "details": {
        "hll_p": 10,
        "registers_per_node": 1024,
        "threshold": 16,
        "exact_edges": 39285,
        "hll_edges": 48949,
        "exact_contribution": 184064.0,
        "hll_contribution": 1392216.1530628363,
        "coverage": 0.554763,
        "clamp_count": 679,
        "clamp_pct": 1.3872
      }
    }
  ]
}