{
  "graph": {
    "nodes": 4039,
    "edges": 88234,
    "forward_max_out_degree": 125,
    "forward_mean_out_degree": 21.84550631344392
  },
  "numba": true,
  "results": [
    {
      "method": "exact-forward-degree-order",
      "triangles": 1612010.0,
      "total_seconds": 0.004566080868244171,
      "preprocess_seconds": 0.0,
      "query_seconds": 0.004566080868244171,
      "details": null
    },
    {
      "method": "pure-hll-forward",
      "triangles": 1572817.209705339,
      "total_seconds": 0.06987069174647331,
      "preprocess_seconds": 0.0010800473392009735,
      "query_seconds": 0.06879064440727234,
      "details": {
        "hll_p": 10,
        "registers_per_node": 1024,
        "estimated_edges": 88234,
        "clamp_count": 6778,
        "clamp_pct": 7.6818
      }
    },
    {
      "method": "hybrid-forward-exact-hll",
      "triangles": 1599762.6117747729,
      "total_seconds": 0.012428916990756989,
      "preprocess_seconds": 0.0010800473392009735,
      "query_seconds": 0.011348869651556015,
      "details": {
        "hll_p": 10,
        "registers_per_node": 1024,
        "threshold": 64,
        "exact_edges": 81039,
        "hll_edges": 7195,
        "exact_contribution": 1132453.0,
        "hll_contribution": 467309.6117747728,
        "coverage": 0.081545,
        "clamp_count": 30,
        "clamp_pct": 0.417
      }
    }
  ]
}