{
  "graph": {
    "nodes": 4039,
    "edges": 88234,
    "forward_max_out_degree": 125,
    "forward_mean_out_degree": 21.84550631344392
  },
  "numba": true,
  "results": [
    {
      "method": "exact-forward-degree-order",
      "triangles": 1612010.0,
      "total_seconds": 0.0032577291131019592,
      "preprocess_seconds": 0.0,
      "query_seconds": 0.0032577291131019592,
      "details": null
    },
    {
      "method": "hybrid-forward-exact-hll",
      "triangles": 1580828.914583653,
      "total_seconds": 0.00833752378821373,
      "preprocess_seconds": 0.00029388442635536194,
      "query_seconds": 0.008043639361858368,
      "details": {
        "hll_p": 8,
        "registers_per_node": 256,
        "threshold": 64,
        "exact_edges": 81039,
        "hll_edges": 7195,
        "exact_contribution": 1132453.0,
        "hll_contribution": 448375.91458365304,
        "coverage": 0.081545,
        "clamp_count": 32,
        "clamp_pct": 0.4448
      }
    }
  ]
}