{
  "graph": {
    "nodes": 1965206,
    "edges": 2766607,
    "forward_max_out_degree": 4,
    "forward_mean_out_degree": 1.4077949080147323
  },
  "numba": true,
  "results": [
    {
      "method": "exact-forward-degree-order",
      "triangles": 120676.0,
      "total_seconds": 0.0047980062663555145,
      "preprocess_seconds": 0.0,
      "query_seconds": 0.0047980062663555145,
      "details": null
    },
    {
      "method": "pure-hll-forward",
      "triangles": 122370.31791796035,
      "total_seconds": 3.76932705193758,
      "preprocess_seconds": 0.6132636778056622,
      "query_seconds": 3.156063374131918,
      "details": {
        "hll_p": 12,
        "registers_per_node": 4096,
        "estimated_edges": 2766607,
        "clamp_count": 2645077,
        "clamp_pct": 95.6073
      }
    },
    {
      "method": "hybrid-forward-exact-hll",
      "triangles": 120676.0,
      "total_seconds": 0.6192146949470043,
      "preprocess_seconds": 0.6132636778056622,
      "query_seconds": 0.005951017141342163,
      "details": {
        "hll_p": 12,
        "registers_per_node": 4096,
        "threshold": 16,
        "exact_edges": 2766607,
        "hll_edges": 0,
        "exact_contribution": 120676.0,
        "hll_contribution": 0.0,
        "coverage": 0.0,
        "clamp_count": 0,
        "clamp_pct": 0.0
      }
    }
  ]
}