{
  "graph": {
    "nodes": 1379917,
    "edges": 1921660,
    "forward_max_out_degree": 4,
    "forward_mean_out_degree": 1.3925910036618145
  },
  "numba": true,
  "results": [
    {
      "method": "exact-forward-degree-order",
      "triangles": 82869.0,
      "total_seconds": 0.003376193344593048,
      "preprocess_seconds": 0.0,
      "query_seconds": 0.003376193344593048,
      "details": null
    },
    {
      "method": "pure-hll-forward",
      "triangles": 100376.35142692304,
      "total_seconds": 0.1917022354900837,
      "preprocess_seconds": 0.034346312284469604,
      "query_seconds": 0.1573559232056141,
      "details": {
        "hll_p": 8,
        "registers_per_node": 256,
        "estimated_edges": 1921660,
        "clamp_count": 1820978,
        "clamp_pct": 94.7607
      }
    },
    {
      "method": "hybrid-forward-exact-hll",
      "triangles": 82869.0,
      "total_seconds": 0.03742881119251251,
      "preprocess_seconds": 0.034346312284469604,
      "query_seconds": 0.0030824989080429077,
      "details": {
        "hll_p": 8,
        "registers_per_node": 256,
        "threshold": 16,
        "exact_edges": 1921660,
        "hll_edges": 0,
        "exact_contribution": 82869.0,
        "hll_contribution": 0.0,
        "coverage": 0.0,
        "clamp_count": 0,
        "clamp_pct": 0.0
      }
    }
  ]
}