{
  "graph": {
    "nodes": 1965206,
    "edges": 2766607,
    "forward_max_out_degree": 4,
    "forward_mean_out_degree": 1.4077949080147323
  },
  "numba": true,
  "results": [
    {
      "method": "baseline-networkit-triangle-edge-score",
      "triangles": 120676.0,
      "total_seconds": 6.256329368799925,
      "preprocess_seconds": 5.6997180134058,
      "query_seconds": 0.556611355394125,
      "details": {
        "threads": "networkit-default"
      }
    },
    {
      "method": "exact-forward-degree-order",
      "triangles": 120676.0,
      "total_seconds": 0.36084429174661636,
      "preprocess_seconds": 0.0,
      "query_seconds": 0.36084429174661636,
      "details": null
    },
    {
      "method": "pure-hll-forward",
      "triangles": 127097.8762034397,
      "total_seconds": 3.534760769456625,
      "preprocess_seconds": 0.27065547183156013,
      "query_seconds": 3.264105297625065,
      "details": {
        "hll_p": 10,
        "registers_per_node": 1024,
        "estimated_edges": 2766607
      }
    },
    {
      "method": "hybrid-forward-exact-hll",
      "triangles": 120676.0,
      "total_seconds": 0.29492777958512306,
      "preprocess_seconds": 0.27065547183156013,
      "query_seconds": 0.024272307753562927,
      "details": {
        "hll_p": 10,
        "registers_per_node": 1024,
        "threshold": 64,
        "exact_edges": 2766607,
        "hll_edges": 0,
        "exact_contribution": 120676.0,
        "hll_contribution": 0.0
      }
    }
  ]
}