{
  "graph": {
    "nodes": 1379917,
    "edges": 1921660,
    "forward_max_out_degree": 4,
    "forward_mean_out_degree": 1.3925910036618145
  },
  "numba": true,
  "results": [
    {
      "method": "baseline-networkit-triangle-edge-score",
      "triangles": 82869.0,
      "total_seconds": 4.538488067686558,
      "preprocess_seconds": 4.152522660791874,
      "query_seconds": 0.38596540689468384,
      "details": {
        "threads": "networkit-default"
      }
    },
    {
      "method": "exact-forward-degree-order",
      "triangles": 82869.0,
      "total_seconds": 0.31803981959819794,
      "preprocess_seconds": 0.0,
      "query_seconds": 0.31803981959819794,
      "details": null
    },
    {
      "method": "pure-hll-forward",
      "triangles": 87358.54006208561,
      "total_seconds": 2.4998141303658485,
      "preprocess_seconds": 0.19068560376763344,
      "query_seconds": 2.309128526598215,
      "details": {
        "hll_p": 10,
        "registers_per_node": 1024,
        "estimated_edges": 1921660
      }
    },
    {
      "method": "hybrid-forward-exact-hll",
      "triangles": 82869.0,
      "total_seconds": 0.21314316242933273,
      "preprocess_seconds": 0.19068560376763344,
      "query_seconds": 0.022457558661699295,
      "details": {
        "hll_p": 10,
        "registers_per_node": 1024,
        "threshold": 64,
        "exact_edges": 1921660,
        "hll_edges": 0,
        "exact_contribution": 82869.0,
        "hll_contribution": 0.0
      }
    }
  ]
}