{
  "graph": {
    "nodes": 1965206,
    "edges": 2766607,
    "forward_max_out_degree": 4,
    "forward_mean_out_degree": 1.4077949080147323
  },
  "numba": true,
  "results": [
    {
      "method": "exact-forward-degree-order",
      "triangles": 120676.0,
      "total_seconds": 0.004943788051605225,
      "preprocess_seconds": 0.0,
      "query_seconds": 0.004943788051605225,
      "details": null
    },
    {
      "method": "pure-hll-forward",
      "triangles": 127097.87620341493,
      "total_seconds": 0.9435378201305866,
      "preprocess_seconds": 0.1137898601591587,
      "query_seconds": 0.8297479599714279,
      "details": {
        "hll_p": 10,
        "registers_per_node": 1024,
        "estimated_edges": 2766607,
        "clamp_count": 2640175,
        "clamp_pct": 95.4301
      }
    },
    {
      "method": "hybrid-forward-exact-hll",
      "triangles": 120676.0,
      "total_seconds": 0.11829614266753197,
      "preprocess_seconds": 0.1137898601591587,
      "query_seconds": 0.0045062825083732605,
      "details": {
        "hll_p": 10,
        "registers_per_node": 1024,
        "threshold": 16,
        "exact_edges": 2766607,
        "hll_edges": 0,
        "exact_contribution": 120676.0,
        "hll_contribution": 0.0,
        "coverage": 0.0,
        "clamp_count": 0,
        "clamp_pct": 0.0
      }
    }
  ]
}