{
  "graph": {
    "nodes": 1379917,
    "edges": 1921660,
    "forward_max_out_degree": 4,
    "forward_mean_out_degree": 1.3925910036618145
  },
  "numba": true,
  "results": [
    {
      "method": "exact-forward-degree-order",
      "triangles": 82869.0,
      "total_seconds": 0.003361240029335022,
      "preprocess_seconds": 0.0,
      "query_seconds": 0.003361240029335022,
      "details": null
    },
    {
      "method": "pure-hll-forward",
      "triangles": 84026.32206608915,
      "total_seconds": 2.6429439671337605,
      "preprocess_seconds": 0.4356265850365162,
      "query_seconds": 2.2073173820972443,
      "details": {
        "hll_p": 12,
        "registers_per_node": 4096,
        "estimated_edges": 1921660,
        "clamp_count": 1838057,
        "clamp_pct": 95.6494
      }
    },
    {
      "method": "hybrid-forward-exact-hll",
      "triangles": 82869.0,
      "total_seconds": 0.43876681476831436,
      "preprocess_seconds": 0.4356265850365162,
      "query_seconds": 0.003140229731798172,
      "details": {
        "hll_p": 12,
        "registers_per_node": 4096,
        "threshold": 16,
        "exact_edges": 1921660,
        "hll_edges": 0,
        "exact_contribution": 82869.0,
        "hll_contribution": 0.0,
        "coverage": 0.0,
        "clamp_count": 0,
        "clamp_pct": 0.0
      }
    }
  ]
}