{
  "graph": {
    "nodes": 1965206,
    "edges": 2766607,
    "forward_max_out_degree": 4,
    "forward_mean_out_degree": 1.4077949080147323
  },
  "numba": true,
  "results": [
    {
      "method": "exact-forward-degree-order",
      "triangles": 120676.0,
      "total_seconds": 0.004769548773765564,
      "preprocess_seconds": 0.0,
      "query_seconds": 0.004769548773765564,
      "details": null
    },
    {
      "method": "pure-hll-forward",
      "triangles": 145687.76709963358,
      "total_seconds": 0.25563686713576317,
      "preprocess_seconds": 0.04484730213880539,
      "query_seconds": 0.21078956499695778,
      "details": {
        "hll_p": 8,
        "registers_per_node": 256,
        "estimated_edges": 2766607,
        "clamp_count": 2620769,
        "clamp_pct": 94.7286
      }
    },
    {
      "method": "hybrid-forward-exact-hll",
      "triangles": 120676.0,
      "total_seconds": 0.05063356086611748,
      "preprocess_seconds": 0.04484730213880539,
      "query_seconds": 0.005786258727312088,
      "details": {
        "hll_p": 8,
        "registers_per_node": 256,
        "threshold": 16,
        "exact_edges": 2766607,
        "hll_edges": 0,
        "exact_contribution": 120676.0,
        "hll_contribution": 0.0,
        "coverage": 0.0,
        "clamp_count": 0,
        "clamp_pct": 0.0
      }
    }
  ]
}